period,days,total_return,annual_return,max_drawdown,sharpe,sortino,calmar,win_rate,profit_loss_ratio,win_days,loss_days
2024 full year,241,0.1777052721985526,0.1865306318189135,0.21933931184611966,0.8311640480502117,1.3543808689629915,0.8504204296481813,0.5103734439834025,1.1170140927063017,123,118
2025 full year,242,0.19745396810390425,0.20640370788735463,0.07106667196356753,1.4399824994057187,1.9079956585592441,2.9043671552984485,0.5041322314049587,1.279799411180888,122,120
2026 latest sample,40,0.017386456525672722,0.11470897431417937,0.05134470888594092,0.6080099121200047,1.3673805625320812,2.234095329452509,0.5,1.0959496760148328,20,20
